<?xml version="1.0" encoding="UTF-8"?>
<rss version="2.0" xmlns:ror="http://rorweb.com/0.1/" >
<channel>
  <title>ROR Sitemap for http://www.case.edu/international/</title>
  <link>http://www.case.edu/international/</link>

<item>
     <link>http://www.case.edu/international/</link>
     <title>Center for International Affairs | CWRU</title>
     <description>Learn how the Office of International Student Services strives to enhance the international student experience and promote intercultural exchange at CWRU.</description>
     <ror:updatePeriod>weekly</ror:updatePeriod>
     <ror:sortOrder>0</ror:sortOrder>
     <ror:resourceOf>sitemap</ror:resourceOf>
</item>
<item>
     <link>http://www.case.edu/international/about/</link>
     <title>About | Center for International Affairs | CWRU</title>
     <description>Find out about Case Western Reserve University’s Center for International Affairs—the home for international students, study abroad programs and global strategy.</description>
     <ror:updatePeriod>weekly</ror:updatePeriod>
     <ror:sortOrder>1</ror:sortOrder>
     <ror:resourceOf>sitemap</ror:resourceOf>
</item>
<item>
     <link>http://www.case.edu/international/about/vice-provost-for-international-affairs.html</link>
     <title>Leadership | Center for International Affairs | CWRU</title>
     <description>Meet David Fleshler, Case Western Reserve University’s vice provost for international affairs</description>
     <ror:updatePeriod>weekly</ror:updatePeriod>
     <ror:sortOrder>1</ror:sortOrder>
     <ror:resourceOf>sitemap</ror:resourceOf>
</item>
<item>
     <link>http://www.case.edu/international/about/staff/</link>
     <title>Staff | Center for International Affairs | CWRU</title>
     <description>Meet the staff of Case Western Reserve University’s Offices of Global Strategy, International Student Services and Education Abroad. </description>
     <ror:updatePeriod>weekly</ror:updatePeriod>
     <ror:sortOrder>1</ror:sortOrder>
     <ror:resourceOf>sitemap</ror:resourceOf>
</item>
<item>
     <link>http://www.case.edu/international/about/plan-for-internationalization.html</link>
     <title>Internationalization Plan | International Affairs | CWRU</title>
     <description>Learn about Case Western Reserve University’s plan for internationalization and our goals for future global growth.</description>
     <ror:updatePeriod>weekly</ror:updatePeriod>
     <ror:sortOrder>1</ror:sortOrder>
     <ror:resourceOf>sitemap</ror:resourceOf>
</item>
<item>
     <link>http://www.case.edu/international/about/annual-report.html</link>
     <title>Annual Report | Center for International Affairs | CWRU</title>
     <description>See how the Center for International Affairs bridges Case Western Reserve University and the world in our annual report.</description>
     <ror:updatePeriod>weekly</ror:updatePeriod>
     <ror:sortOrder>1</ror:sortOrder>
     <ror:resourceOf>sitemap</ror:resourceOf>
</item>
<item>
     <link>http://www.case.edu/international/about/facts-and-figures.html</link>
     <title>Facts and Figures | International Affairs | CWRU</title>
     <description>Find out where Case Western Reserve University students are studying abroad, where our international students are from and more.</description>
     <ror:updatePeriod>weekly</ror:updatePeriod>
     <ror:sortOrder>1</ror:sortOrder>
     <ror:resourceOf>sitemap</ror:resourceOf>
</item>
<item>
     <link>http://www.case.edu/international/about/news.html</link>
     <title>News | Center for International Affairs | CWRU</title>
     <description>Find out the latest news from the Center for International Affairs at Case Western Reserve University.</description>
     <ror:updatePeriod>weekly</ror:updatePeriod>
     <ror:sortOrder>1</ror:sortOrder>
     <ror:resourceOf>sitemap</ror:resourceOf>
</item>
<item>
     <link>http://www.case.edu/international/about/newsletters/</link>
     <title>Newsletters | International Affairs | CWRU</title>
     <description>Stay up to date on CWRU international achievements and events with The Center for International Affairs’  newsletters.</description>
     <ror:updatePeriod>weekly</ror:updatePeriod>
     <ror:sortOrder>1</ror:sortOrder>
     <ror:resourceOf>sitemap</ror:resourceOf>
</item>
<item>
     <link>http://www.case.edu/international/about/contact-us.html</link>
     <title>Contact Us | About | Center for International Affairs</title>
     <description>Contact us at the Center for International Affairs at Case Western Reserve University.</description>
     <ror:updatePeriod>weekly</ror:updatePeriod>
     <ror:sortOrder>1</ror:sortOrder>
     <ror:resourceOf>sitemap</ror:resourceOf>
</item>
<item>
     <link>http://www.case.edu/international/office-of-global-strategy/</link>
     <title>Global Strategy | International Affairs | CWRU</title>
     <description>See what role the Office of Global Strategy plays at Case Western Reserve University.</description>
     <ror:updatePeriod>weekly</ror:updatePeriod>
     <ror:sortOrder>1</ror:sortOrder>
     <ror:resourceOf>sitemap</ror:resourceOf>
</item>
<item>
     <link>http://www.case.edu/international/office-of-global-strategy/supporting-global-initiatives.html</link>
     <title>Support Global Education | International Affairs | CWRU</title>
     <description>Learn how you can support our commitment to international initiatives at Case Western Reserve University.</description>
     <ror:updatePeriod>weekly</ror:updatePeriod>
     <ror:sortOrder>1</ror:sortOrder>
     <ror:resourceOf>sitemap</ror:resourceOf>
</item>
<item>
     <link>http://www.case.edu/international/office-of-global-strategy/visiting-committee/</link>
     <title>Visiting Committee | International Affairs | CWRU</title>
     <description>Meet our international affairs visiting committee members from all over the globe.</description>
     <ror:updatePeriod>weekly</ror:updatePeriod>
     <ror:sortOrder>1</ror:sortOrder>
     <ror:resourceOf>sitemap</ror:resourceOf>
</item>
<item>
     <link>http://www.case.edu/international/office-of-global-strategy/for-faculty-and-staff/</link>
     <title>Faculty/Staff Resources | International Affairs | CWRU</title>
     <description>Access resources designed specifically for CWRU faculty and staff interested in increasing international initiatives on campus.</description>
     <ror:updatePeriod>weekly</ror:updatePeriod>
     <ror:sortOrder>1</ror:sortOrder>
     <ror:resourceOf>sitemap</ror:resourceOf>
</item>
<item>
     <link>http://www.case.edu/international/office-of-global-strategy/resources.html</link>
     <title>Resources | Center for International Affairs | CWRU</title>
     <description>Find more information about our on-campus resources and community partners at the Center for International Affairs at Case Western Reserve University.</description>
     <ror:updatePeriod>weekly</ror:updatePeriod>
     <ror:sortOrder>1</ror:sortOrder>
     <ror:resourceOf>sitemap</ror:resourceOf>
</item>
<item>
     <link>http://www.case.edu/international/international-student-services/</link>
     <title>International Student Services | CWRU</title>
     <description>Learn how the Office of International Student Services strives to enhance the international student experience and promote intercultural exchange at CWRU.</description>
     <ror:updatePeriod>weekly</ror:updatePeriod>
     <ror:sortOrder>1</ror:sortOrder>
     <ror:resourceOf>sitemap</ror:resourceOf>
</item>
<item>
     <link>http://www.case.edu/international/international-student-services/student-life/</link>
     <title>Student Life | Center for International Affairs | CWRU</title>
     <description>International students—learn more about life as a student at Case Western Reserve University, including weather, transportation and living in Cleveland.</description>
     <ror:updatePeriod>weekly</ror:updatePeriod>
     <ror:sortOrder>1</ror:sortOrder>
     <ror:resourceOf>sitemap</ror:resourceOf>
</item>
<item>
     <link>http://www.case.edu/international/international-student-services/before-arrival/</link>
     <title>Forms &amp; Related Documents | International Affairs | CWRU</title>
     <description>Find the information you will need before arriving at Case Western Reserve University as an international student.</description>
     <ror:updatePeriod>weekly</ror:updatePeriod>
     <ror:sortOrder>1</ror:sortOrder>
     <ror:resourceOf>sitemap</ror:resourceOf>
</item>
<item>
     <link>http://www.case.edu/international/international-student-services/visas/</link>
     <title>Maintaining Visa Status | Center for International Affairs | CWRU</title>
     <description>Resolve questions regarding visas, F-1 or J-1 status and maintaining student status as an international student.</description>
     <ror:updatePeriod>weekly</ror:updatePeriod>
     <ror:sortOrder>1</ror:sortOrder>
     <ror:resourceOf>sitemap</ror:resourceOf>
</item>
<item>
     <link>http://www.case.edu/international/international-student-services/forms-and-documents.html</link>
     <title>Forms + Documents | International Affairs | CWRU</title>
     <description>Find forms and other related documents for international students at Case Western Reserve University.</description>
     <ror:updatePeriod>weekly</ror:updatePeriod>
     <ror:sortOrder>1</ror:sortOrder>
     <ror:resourceOf>sitemap</ror:resourceOf>
</item>
<item>
     <link>http://www.case.edu/international/international-student-services/exchange-programs.html</link>
     <title>Exchange Programs | Center for International Affairs | CWRU</title>
     <description>Find information regarding the various study abroad programs at Case Western Reserve University.</description>
     <ror:updatePeriod>weekly</ror:updatePeriod>
     <ror:sortOrder>1</ror:sortOrder>
     <ror:resourceOf>sitemap</ror:resourceOf>
</item>
<item>
     <link>http://www.case.edu/international/international-student-services/international-alumni.html</link>
     <title>International Alumni International Affairs | CWRU</title>
     <description>Stay in touch with your alma mater, no matter where you are around the globe—learn about being an international alumnus of CWRU.</description>
     <ror:updatePeriod>weekly</ror:updatePeriod>
     <ror:sortOrder>1</ror:sortOrder>
     <ror:resourceOf>sitemap</ror:resourceOf>
</item>
<item>
     <link>http://www.case.edu/international/office-of-education-abroad/</link>
     <title>Office of Education Abroad | International Affairs | CWRU</title>
     <description>Looking to study abroad as a Case Western Reserve University student? Find out about CWRU study abroad opportunities.</description>
     <ror:updatePeriod>weekly</ror:updatePeriod>
     <ror:sortOrder>1</ror:sortOrder>
     <ror:resourceOf>sitemap</ror:resourceOf>
</item>
<item>
     <link>http://www.case.edu/international/office-of-education-abroad/benefits.html</link>
     <title>Study Abroad Benefits | Office of Education Abroad | CWRU</title>
     <description>Why should you study abroad? Discover the unique opportunities and benefits that accompany a study abroad experience.</description>
     <ror:updatePeriod>weekly</ror:updatePeriod>
     <ror:sortOrder>1</ror:sortOrder>
     <ror:resourceOf>sitemap</ror:resourceOf>
</item>
<item>
     <link>http://www.case.edu/international/office-of-education-abroad/programs/</link>
     <title>Find a Program | Office of Education Abroad | CWRU</title>
     <description>Find a Case Western Reserve University study abroad program that fits your lifestyle and interests.</description>
     <ror:updatePeriod>weekly</ror:updatePeriod>
     <ror:sortOrder>1</ror:sortOrder>
     <ror:resourceOf>sitemap</ror:resourceOf>
</item>
<item>
     <link>http://www.case.edu/international/office-of-education-abroad/financial-information/</link>
     <title>Financial Information | Education Abroad | CWRU</title>
     <description>Overcome financial obstacles in your study abroad journey with a variety of aid and scholarship opportunities from Case Western Reserve University.</description>
     <ror:updatePeriod>weekly</ror:updatePeriod>
     <ror:sortOrder>1</ror:sortOrder>
     <ror:resourceOf>sitemap</ror:resourceOf>
</item>
<item>
     <link>http://www.case.edu/international/office-of-education-abroad/transferring-study-abroad-credit/</link>
     <title>Transferring Credits | Education Abroad | CWRU</title>
     <description>Find out what study abroad credits can transfer to Case Western Reserve University, and the process for transferring credits.</description>
     <ror:updatePeriod>weekly</ror:updatePeriod>
     <ror:sortOrder>1</ror:sortOrder>
     <ror:resourceOf>sitemap</ror:resourceOf>
</item>
<item>
     <link>http://www.case.edu/international/office-of-education-abroad/preparing-to-go-abroad.html</link>
     <title>Prep to Go Abroad | Office of Education Abroad | CWRU</title>
     <description>Be prepared for anything during your study abroad experience with this guide to packing, communication and finances.</description>
     <ror:updatePeriod>weekly</ror:updatePeriod>
     <ror:sortOrder>1</ror:sortOrder>
     <ror:resourceOf>sitemap</ror:resourceOf>
</item>
<item>
     <link>http://www.case.edu/international/office-of-education-abroad/health-and-safety.html</link>
     <title>Health + Safety | Office of Education Abroad | CWRU</title>
     <description>Stay safe abroad with this guide to a variety of health and safety related issues that might arise during a study abroad program.</description>
     <ror:updatePeriod>weekly</ror:updatePeriod>
     <ror:sortOrder>1</ror:sortOrder>
     <ror:resourceOf>sitemap</ror:resourceOf>
</item>
<item>
     <link>http://www.case.edu/international/office-of-education-abroad/parent-resources/</link>
     <title>Parent Resources | Office of Education Abroad | CWRU</title>
     <description>Parents can explore a variety of resources provided by the Office of Education Abroad and gain peace of mind through comprehensive guides and a letter from the executive director.</description>
     <ror:updatePeriod>weekly</ror:updatePeriod>
     <ror:sortOrder>1</ror:sortOrder>
     <ror:resourceOf>sitemap</ror:resourceOf>
</item>
<item>
     <link>http://www.case.edu/international/office-of-education-abroad/faculty-resources/</link>
     <title>Faculty Resources | Office of Education Abroad | Center for International Affairs</title>
     <description>Explore the resources available to faculty participating in study abroad programs.</description>
     <ror:updatePeriod>weekly</ror:updatePeriod>
     <ror:sortOrder>1</ror:sortOrder>
     <ror:resourceOf>sitemap</ror:resourceOf>
</item>
<item>
     <link>http://www.case.edu/international/office-of-education-abroad/returnee-resources.html</link>
     <title>Returnee Resources | Office of Education Abroad | CWRU</title>
     <description>Address concerns regarding returning home after studying abroad with the Office of Education Abroad’s returnee resources.</description>
     <ror:updatePeriod>weekly</ror:updatePeriod>
     <ror:sortOrder>1</ror:sortOrder>
     <ror:resourceOf>sitemap</ror:resourceOf>
</item>
<item>
     <link>http://www.case.edu/international/office-of-education-abroad/frequently-asked-questions.html</link>
     <title>FAQs | Office of Education Abroad | Center for International Affairs</title>
     <description>Find answers to your study abroad questions with CWRU’s FAQs resource.</description>
     <ror:updatePeriod>weekly</ror:updatePeriod>
     <ror:sortOrder>1</ror:sortOrder>
     <ror:resourceOf>sitemap</ror:resourceOf>
</item>
<item>
     <link>http://www.case.edu/international/programming/</link>
     <title>Events | Center for International Affairs | CWRU</title>
     <description>Get involved on the CWRU campus with events aimed at creating a global university.</description>
     <ror:updatePeriod>weekly</ror:updatePeriod>
     <ror:sortOrder>1</ror:sortOrder>
     <ror:resourceOf>sitemap</ror:resourceOf>
</item>
<item>
     <link>http://www.case.edu/international/programming/cultural-celebrations-series/</link>
     <title>Cultural Celebrations Series | Education Abroad | CWRU</title>
     <description>Dive into a new experience at any one of the cultural celebrations at Case Western Reserve University.</description>
     <ror:updatePeriod>weekly</ror:updatePeriod>
     <ror:sortOrder>1</ror:sortOrder>
     <ror:resourceOf>sitemap</ror:resourceOf>
</item>
<item>
     <link>http://www.case.edu/international/programming/signature-events/</link>
     <title>Signature Events | Education Abroad | CWRU</title>
     <description>Explore our signature events, held throughout the year at Case Western Reserve University to increase support cultural exchange.</description>
     <ror:updatePeriod>weekly</ror:updatePeriod>
     <ror:sortOrder>1</ror:sortOrder>
     <ror:resourceOf>sitemap</ror:resourceOf>
</item>
<item>
     <link>http://www.case.edu/international/students/</link>
     <title>Student Resources | International Affairs | CWRU</title>
     <description>Find resources if you’re a student looking to study or conduct research abroad, or if you’re an international student at Case Western Reserve University.</description>
     <ror:updatePeriod>weekly</ror:updatePeriod>
     <ror:sortOrder>1</ror:sortOrder>
     <ror:resourceOf>sitemap</ror:resourceOf>
</item>
<item>
     <link>http://www.case.edu/international/faculty/</link>
     <title>Faculty/Staff Resources | International Affairs | CWRU</title>
     <description>Find information for faculty and staff looking for help with international students or planning to travel overseas, including funding and study abroad.</description>
     <ror:updatePeriod>weekly</ror:updatePeriod>
     <ror:sortOrder>1</ror:sortOrder>
     <ror:resourceOf>sitemap</ror:resourceOf>
</item>
<item>
     <link>http://www.case.edu/international/partners/</link>
     <title>Partner Resources | International Affairs | CWRU</title>
     <description>Learn more about our 150 partnerships with universities, businesses, community organizations and governments around the world.</description>
     <ror:updatePeriod>weekly</ror:updatePeriod>
     <ror:sortOrder>1</ror:sortOrder>
     <ror:resourceOf>sitemap</ror:resourceOf>
</item>
<item>
     <link>http://www.case.edu/international/student-global-perspectives/</link>
     <title>Global Perspectives | International Affairs | CWRU</title>
     <description>Hear the stories of Case Western Reserve University students studying abroad and international students at CWRU.</description>
     <ror:updatePeriod>weekly</ror:updatePeriod>
     <ror:sortOrder>1</ror:sortOrder>
     <ror:resourceOf>sitemap</ror:resourceOf>
</item>
<item>
     <link>http://www.case.edu/international/documents/about/CIA-Org-Chart-2015.pdf</link>
     <title></title>
     
     <ror:updatePeriod>weekly</ror:updatePeriod>
     <ror:sortOrder>2</ror:sortOrder>
     <ror:resourceOf>sitemap</ror:resourceOf>
</item>
<item>
     <link>http://www.case.edu/international/about/staff/david-fleshler.html</link>
     <title>David Fleshler | International Affairs | CWRU</title>
     <description>Meet David Fleshler, vice provost of international affairs at The Center for International Affairs at Case Western Reserve University.</description>
     <ror:updatePeriod>weekly</ror:updatePeriod>
     <ror:sortOrder>2</ror:sortOrder>
     <ror:resourceOf>sitemap</ror:resourceOf>
</item>
<item>
     <link>http://www.case.edu/international/about/staff/molly-watkins.html</link>
     <title>Molly Watkins | International Affairs | CWRU</title>
     <description>Meet Molly Watkins, executive director at the Center for International Affairs at Case Western Reserve University.</description>
     <ror:updatePeriod>weekly</ror:updatePeriod>
     <ror:sortOrder>2</ror:sortOrder>
     <ror:resourceOf>sitemap</ror:resourceOf>
</item>
<item>
     <link>http://www.case.edu/international/about/staff/cami-ross.html</link>
     <title>Cami Ross | International Affairs | CWRU</title>
     <description>Meet Cami Ross, programming coordinator at the Center for International Affairs at Case Western Reserve University.</description>
     <ror:updatePeriod>weekly</ror:updatePeriod>
     <ror:sortOrder>2</ror:sortOrder>
     <ror:resourceOf>sitemap</ror:resourceOf>
</item>
<item>
     <link>http://www.case.edu/international/about/staff/jody-bonhard.html</link>
     <title>Jody Bonhard | International Affairs | CWRU</title>
     <description>Meet Jody Bonhard, communications coordinator at the Center for International Affairs at Case Western Reserve University.</description>
     <ror:updatePeriod>weekly</ror:updatePeriod>
     <ror:sortOrder>2</ror:sortOrder>
     <ror:resourceOf>sitemap</ror:resourceOf>
</item>
<item>
     <link>http://www.case.edu/international/about/staff/sharon-burke.html</link>
     <title>Sharon Burke | International Affairs | CWRU</title>
     <description>Meet Sharon Burke, a staff member at The Center for International Affairs at Case Western Reserve University.</description>
     <ror:updatePeriod>weekly</ror:updatePeriod>
     <ror:sortOrder>2</ror:sortOrder>
     <ror:resourceOf>sitemap</ror:resourceOf>
</item>
<item>
     <link>http://www.case.edu/international/about/staff/kristin-whitbeck.html</link>
     <title>Kristin Whitbeck | International Affairs | CWRU</title>
     <description>Meet Kristin Whitbeck, a staff member at The Center for International Affairs at Case Western Reserve University.</description>
     <ror:updatePeriod>weekly</ror:updatePeriod>
     <ror:sortOrder>2</ror:sortOrder>
     <ror:resourceOf>sitemap</ror:resourceOf>
</item>
<item>
     <link>http://www.case.edu/international/about/staff/marielena-maggio.html</link>
     <title>Marielena Maggio | International Affairs | CWRU</title>
     <description>Meet Marielena Maggio, director of International Student Services at Case Western Reserve University.</description>
     <ror:updatePeriod>weekly</ror:updatePeriod>
     <ror:sortOrder>2</ror:sortOrder>
     <ror:resourceOf>sitemap</ror:resourceOf>
</item>
<item>
     <link>http://www.case.edu/international/about/staff/adolfo-franco.html</link>
     <title>Adolfo Franco | International Affairs | CWRU</title>
     <description>Meet Adolfo Franco, a staff member at The Center for International Affairs at Case Western Reserve University.</description>
     <ror:updatePeriod>weekly</ror:updatePeriod>
     <ror:sortOrder>2</ror:sortOrder>
     <ror:resourceOf>sitemap</ror:resourceOf>
</item>
<item>
     <link>http://www.case.edu/international/about/staff/alec-jokubaitis.html</link>
     <title>Alec Jokubaitis | International Affairs | CWRU</title>
     <description>Meet Alec Jokubaitis, a department advisor at the Center for International Affairs at Case Western Reserve University.</description>
     <ror:updatePeriod>weekly</ror:updatePeriod>
     <ror:sortOrder>2</ror:sortOrder>
     <ror:resourceOf>sitemap</ror:resourceOf>
</item>
<item>
     <link>http://www.case.edu/international/about/staff/rachel-paiscik.html</link>
     <title>Rachel Paiscik | International Affairs | CWRU</title>
     <description>Meet Rachel Paiscik, a department advisor at the Center for International Affairs at Case Western Reserve University.</description>
     <ror:updatePeriod>weekly</ror:updatePeriod>
     <ror:sortOrder>2</ror:sortOrder>
     <ror:resourceOf>sitemap</ror:resourceOf>
</item>
<item>
     <link>http://www.case.edu/international/about/staff/autumn-beechler.html</link>
     <title>Autumn Beechler Stebing | International Affairs | CWRU</title>
     <description>Meet Autumn Beechler Stebing, assistant director of study abroad at Case Western Reserve University.</description>
     <ror:updatePeriod>weekly</ror:updatePeriod>
     <ror:sortOrder>2</ror:sortOrder>
     <ror:resourceOf>sitemap</ror:resourceOf>
</item>
<item>
     <link>http://www.case.edu/international/about/staff/amy-guthrie.html</link>
     <title>Amy Guthrie | International Affairs | CWRU</title>
     <description>Meet Amy Guthrie, a study abroad information specialist at Case Western Reserve University.</description>
     <ror:updatePeriod>weekly</ror:updatePeriod>
     <ror:sortOrder>2</ror:sortOrder>
     <ror:resourceOf>sitemap</ror:resourceOf>
</item>
<item>
     <link>http://www.case.edu/international/documents/about/PHASE-II-Combined-Plan-10-14-2015-Final.pdf</link>
     <title></title>
     
     <ror:updatePeriod>weekly</ror:updatePeriod>
     <ror:sortOrder>2</ror:sortOrder>
     <ror:resourceOf>sitemap</ror:resourceOf>
</item>
<item>
     <link>http://www.case.edu/international/documents/about/Annual-Report-2015.pdf</link>
     <title></title>
     
     <ror:updatePeriod>weekly</ror:updatePeriod>
     <ror:sortOrder>2</ror:sortOrder>
     <ror:resourceOf>sitemap</ror:resourceOf>
</item>
<item>
     <link>http://www.case.edu/international/documents/about/Facts-and-Figures-14-15-Ed-Abroad.pdf</link>
     <title></title>
     
     <ror:updatePeriod>weekly</ror:updatePeriod>
     <ror:sortOrder>2</ror:sortOrder>
     <ror:resourceOf>sitemap</ror:resourceOf>
</item>
<item>
     <link>http://www.case.edu/international/documents/about/Facts-and-Figures-14-15-International-Students.pdf</link>
     <title></title>
     
     <ror:updatePeriod>weekly</ror:updatePeriod>
     <ror:sortOrder>2</ror:sortOrder>
     <ror:resourceOf>sitemap</ror:resourceOf>
</item>
<item>
     <link>http://www.case.edu/international/about/newsletters/newsletters-archive.html</link>
     <title>Newsletter Archives | Education Abroad | CWRU Center for International Affairs</title>
     <description>View past issues of Case Western Reserve University Center for International Affairs’ newsletters.</description>
     <ror:updatePeriod>weekly</ror:updatePeriod>
     <ror:sortOrder>2</ror:sortOrder>
     <ror:resourceOf>sitemap</ror:resourceOf>
</item>
<item>
     <link>http://www.case.edu/international/office-of-global-strategy/visiting-committee/armando-chardiet.html</link>
     <title>Armando L. Chardiet | International Affairs | CWRU</title>
     <description>Meet Armando L. Chardiet—an international affairs visiting committee member at Case Western Reserve University.</description>
     <ror:updatePeriod>weekly</ror:updatePeriod>
     <ror:sortOrder>2</ror:sortOrder>
     <ror:resourceOf>sitemap</ror:resourceOf>
</item>
<item>
     <link>http://www.case.edu/international/office-of-global-strategy/visiting-committee/jill-conley.html</link>
     <title>Jill G. Conley | International Affairs | CWRU</title>
     <description>Meet Jill G. Conley—an international affairs visiting committee member at Case Western Reserve University.</description>
     <ror:updatePeriod>weekly</ror:updatePeriod>
     <ror:sortOrder>2</ror:sortOrder>
     <ror:resourceOf>sitemap</ror:resourceOf>
</item>
<item>
     <link>http://www.case.edu/international/office-of-global-strategy/visiting-committee/lu-jean-feng.html</link>
     <title>Lu-Jean Feng, MD | International Affairs | CWRU</title>
     <description>Meet Lu-Jean Feng, MD—an international affairs visiting committee member at Case Western Reserve University.</description>
     <ror:updatePeriod>weekly</ror:updatePeriod>
     <ror:sortOrder>2</ror:sortOrder>
     <ror:resourceOf>sitemap</ror:resourceOf>
</item>
<item>
     <link>http://www.case.edu/international/office-of-global-strategy/visiting-committee/hiroyuki-fujita.html</link>
     <title>Hiroyuki Fujita | International Affairs | CWRU</title>
     <description>Meet Dr. Hiroyuki Fujita—an international affairs visiting committee member at Case Western Reserve University.</description>
     <ror:updatePeriod>weekly</ror:updatePeriod>
     <ror:sortOrder>2</ror:sortOrder>
     <ror:resourceOf>sitemap</ror:resourceOf>
</item>
<item>
     <link>http://www.case.edu/international/office-of-global-strategy/visiting-committee/april-galda.html</link>
     <title>April Galda | International Affairs | CWRU</title>
     <description>Meet April Galda—an international affairs visiting committee member at Case Western Reserve University.</description>
     <ror:updatePeriod>weekly</ror:updatePeriod>
     <ror:sortOrder>2</ror:sortOrder>
     <ror:resourceOf>sitemap</ror:resourceOf>
</item>
<item>
     <link>http://www.case.edu/international/office-of-global-strategy/visiting-committee/vinny-gupta.html</link>
     <title>Vinny Gupta | International Affairs | CWRU</title>
     <description>Meet Vinny Gupta—an international affairs visiting committee member at Case Western Reserve University.</description>
     <ror:updatePeriod>weekly</ror:updatePeriod>
     <ror:sortOrder>2</ror:sortOrder>
     <ror:resourceOf>sitemap</ror:resourceOf>
</item>
<item>
     <link>http://www.case.edu/international/office-of-global-strategy/visiting-committee/robert-herbold.html</link>
     <title>Robert J. Herbold | International Affairs | CWRU</title>
     <description>Meet Robert J. Herbold—an international affairs visiting committee member at Case Western Reserve University.</description>
     <ror:updatePeriod>weekly</ror:updatePeriod>
     <ror:sortOrder>2</ror:sortOrder>
     <ror:resourceOf>sitemap</ror:resourceOf>
</item>
<item>
     <link>http://www.case.edu/international/office-of-global-strategy/visiting-committee/james-hilyard.html</link>
     <title>James E. Hilyard | International Affairs | CWRU</title>
     <description>Meet James E. Hilyard—an international affairs visiting committee member at Case Western Reserve University.</description>
     <ror:updatePeriod>weekly</ror:updatePeriod>
     <ror:sortOrder>2</ror:sortOrder>
     <ror:resourceOf>sitemap</ror:resourceOf>
</item>
<item>
     <link>http://www.case.edu/international/office-of-global-strategy/visiting-committee/shawana-johnson.html</link>
     <title>Shawana P. Johnson | International Affairs | CWRU</title>
     <description>Meet Shawana P. Johnson—an international affairs visiting committee member at Case Western Reserve University.</description>
     <ror:updatePeriod>weekly</ror:updatePeriod>
     <ror:sortOrder>2</ror:sortOrder>
     <ror:resourceOf>sitemap</ror:resourceOf>
</item>
<item>
     <link>http://www.case.edu/international/office-of-global-strategy/visiting-committee/cecil-jowell.html</link>
     <title>Cecil Jowell | International Affairs | CWRU</title>
     <description>Meet Cecil Jowell—an international affairs visiting committee member at Case Western Reserve University.</description>
     <ror:updatePeriod>weekly</ror:updatePeriod>
     <ror:sortOrder>2</ror:sortOrder>
     <ror:resourceOf>sitemap</ror:resourceOf>
</item>
<item>
     <link>http://www.case.edu/international/office-of-global-strategy/visiting-committee/bill-julka.html</link>
     <title>Anand “Bill” Julka | International Affairs | CWRU</title>
     <description>Meet Anand “Bill” Julka—an international affairs visiting committee member at Case Western Reserve University.</description>
     <ror:updatePeriod>weekly</ror:updatePeriod>
     <ror:sortOrder>2</ror:sortOrder>
     <ror:resourceOf>sitemap</ror:resourceOf>
</item>
<item>
     <link>http://www.case.edu/international/office-of-global-strategy/visiting-committee/hemant-kanakia.html</link>
     <title>Hemant Kanakia | International Affairs | CWRU</title>
     <description>Meet Hemant Kanakia—an international affairs visiting committee member at Case Western Reserve University.</description>
     <ror:updatePeriod>weekly</ror:updatePeriod>
     <ror:sortOrder>2</ror:sortOrder>
     <ror:resourceOf>sitemap</ror:resourceOf>
</item>
<item>
     <link>http://www.case.edu/international/office-of-global-strategy/visiting-committee/ambassador-capricia-marshall.html</link>
     <title>Capricia Penavic Marshall | International Affairs | CWRU</title>
     <description>Meet Capricia Penavic Marshall—an international affairs visiting committee member at Case Western Reserve University.</description>
     <ror:updatePeriod>weekly</ror:updatePeriod>
     <ror:sortOrder>2</ror:sortOrder>
     <ror:resourceOf>sitemap</ror:resourceOf>
</item>
<item>
     <link>http://www.case.edu/international/office-of-global-strategy/visiting-committee/dana-marshall.html</link>
     <title>Dana M. Marshall | International Affairs | CWRU</title>
     <description>Meet Dana M. Marshall—an international affairs visiting committee member at Case Western Reserve University.</description>
     <ror:updatePeriod>weekly</ror:updatePeriod>
     <ror:sortOrder>2</ror:sortOrder>
     <ror:resourceOf>sitemap</ror:resourceOf>
</item>
<item>
     <link>http://www.case.edu/international/office-of-global-strategy/visiting-committee/gilbert-merkx.html</link>
     <title>Gilbert W. Merkx | International Affairs | CWRU</title>
     <description>Meet Gilbert W. Merkx—an international affairs visiting committee member at Case Western Reserve University.</description>
     <ror:updatePeriod>weekly</ror:updatePeriod>
     <ror:sortOrder>2</ror:sortOrder>
     <ror:resourceOf>sitemap</ror:resourceOf>
</item>
<item>
     <link>http://www.case.edu/international/office-of-global-strategy/visiting-committee/kevin-nealer.html</link>
     <title>Kevin G. Nealer | International Affairs | CWRU</title>
     <description>Meet Kevin G. Nealer—an international affairs visiting committee member at Case Western Reserve University.</description>
     <ror:updatePeriod>weekly</ror:updatePeriod>
     <ror:sortOrder>2</ror:sortOrder>
     <ror:resourceOf>sitemap</ror:resourceOf>
</item>
<item>
     <link>http://www.case.edu/international/office-of-global-strategy/visiting-committee/herman-pirchner.html</link>
     <title>Herman Pirchner Jr. | International Affairs | CWRU</title>
     <description>Meet Herman Pirchner Jr.—an international affairs visiting committee member at Case Western Reserve University.</description>
     <ror:updatePeriod>weekly</ror:updatePeriod>
     <ror:sortOrder>2</ror:sortOrder>
     <ror:resourceOf>sitemap</ror:resourceOf>
</item>
<item>
     <link>http://www.case.edu/international/office-of-global-strategy/visiting-committee/richard-pogue.html</link>
     <title>Richard W. Pogue | International Affairs | CWRU</title>
     <description>Meet Richard W. Pogue—an international affairs visiting committee member at Case Western Reserve University.</description>
     <ror:updatePeriod>weekly</ror:updatePeriod>
     <ror:sortOrder>2</ror:sortOrder>
     <ror:resourceOf>sitemap</ror:resourceOf>
</item>
<item>
     <link>http://www.case.edu/international/office-of-global-strategy/visiting-committee/james-ratner.html</link>
     <title>James Ratner | International Affairs | CWRU</title>
     <description>Meet James Ratner—an international affairs visiting committee member at Case Western Reserve University.</description>
     <ror:updatePeriod>weekly</ror:updatePeriod>
     <ror:sortOrder>2</ror:sortOrder>
     <ror:resourceOf>sitemap</ror:resourceOf>
</item>
<item>
     <link>http://www.case.edu/international/office-of-global-strategy/visiting-committee/ronald-richard.html</link>
     <title>Ronald B. Richard | International Affairs | CWRU</title>
     <description>Meet Ronald B. Richard—an international affairs visiting committee member at Case Western Reserve University.</description>
     <ror:updatePeriod>weekly</ror:updatePeriod>
     <ror:sortOrder>2</ror:sortOrder>
     <ror:resourceOf>sitemap</ror:resourceOf>
</item>
<item>
     <link>http://www.case.edu/international/office-of-global-strategy/visiting-committee/rachid-sefrioui.html</link>
     <title>Rachid Sefrioui | International Affairs | CWRU</title>
     <description>Meet Rachid Sefrioui—an international affairs visiting committee member at Case Western Reserve University.</description>
     <ror:updatePeriod>weekly</ror:updatePeriod>
     <ror:sortOrder>2</ror:sortOrder>
     <ror:resourceOf>sitemap</ror:resourceOf>
</item>
<item>
     <link>http://www.case.edu/international/office-of-global-strategy/visiting-committee/joel-schwartz.html</link>
     <title>Joel Schwartz | International Affairs | CWRU</title>
     <description>Meet Joel Schwartz—an international affairs visiting committee member at Case Western Reserve University.</description>
     <ror:updatePeriod>weekly</ror:updatePeriod>
     <ror:sortOrder>2</ror:sortOrder>
     <ror:resourceOf>sitemap</ror:resourceOf>
</item>
<item>
     <link>http://www.case.edu/international/office-of-global-strategy/visiting-committee/simmi-singh.html</link>
     <title>Simmi P. Singh | International Affairs | CWRU</title>
     <description>Meet Simmi P. Singh—an international affairs visiting committee member at Case Western Reserve University.</description>
     <ror:updatePeriod>weekly</ror:updatePeriod>
     <ror:sortOrder>2</ror:sortOrder>
     <ror:resourceOf>sitemap</ror:resourceOf>
</item>
<item>
     <link>http://www.case.edu/international/office-of-global-strategy/visiting-committee/lew-winarsky.html</link>
     <title>Lew Winarsky | International Affairs | CWRU</title>
     <description>Meet Lew Winarsky—an international affairs visiting committee member at Case Western Reserve University.</description>
     <ror:updatePeriod>weekly</ror:updatePeriod>
     <ror:sortOrder>2</ror:sortOrder>
     <ror:resourceOf>sitemap</ror:resourceOf>
</item>
<item>
     <link>http://www.case.edu/international/office-of-global-strategy/visiting-committee/anthony-yen.html</link>
     <title>Anthony Yen | International Affairs | CWRU</title>
     <description>Meet Anthony Yen—an international affairs visiting committee member at Case Western Reserve University.</description>
     <ror:updatePeriod>weekly</ror:updatePeriod>
     <ror:sortOrder>2</ror:sortOrder>
     <ror:resourceOf>sitemap</ror:resourceOf>
</item>
<item>
     <link>http://www.case.edu/international/office-of-global-strategy/visiting-committee/alfonso-zubizarreta.html</link>
     <title>Alfonso D. Zubizarreta | International Affairs | CWRU</title>
     <description>Meet Alfonso D. Zubizarreta—an international affairs visiting committee member at Case Western Reserve University.</description>
     <ror:updatePeriod>weekly</ror:updatePeriod>
     <ror:sortOrder>2</ror:sortOrder>
     <ror:resourceOf>sitemap</ror:resourceOf>
</item>
<item>
     <link>http://www.case.edu/international/office-of-global-strategy/for-faculty-and-staff/seed-grants.html</link>
     <title>Seed Grants | International Affairs | CWRU</title>
     <description>Learn more about faculty seed grants offered for developing and enhancing internationalization at Case Western Reserve University.</description>
     <ror:updatePeriod>weekly</ror:updatePeriod>
     <ror:sortOrder>2</ror:sortOrder>
     <ror:resourceOf>sitemap</ror:resourceOf>
</item>
<item>
     <link>http://www.case.edu/international/office-of-global-strategy/for-faculty-and-staff/fulbright-scholars.html</link>
     <title>Fulbright Scholars | International Affairs | CWRU</title>
     <description>Learn about CWRU faculty and student participation in the Fulbright Program, including application details and past recipients.</description>
     <ror:updatePeriod>weekly</ror:updatePeriod>
     <ror:sortOrder>2</ror:sortOrder>
     <ror:resourceOf>sitemap</ror:resourceOf>
</item>
<item>
     <link>http://www.case.edu/international/office-of-global-strategy/for-faculty-and-staff/developing-international-agreements.html</link>
     <title>International Agreements | International Affairs | CWRU</title>
     <description>Find instructions for Case Western Reserve faculty, departments and schools seeking approval for international agreements.</description>
     <ror:updatePeriod>weekly</ror:updatePeriod>
     <ror:sortOrder>2</ror:sortOrder>
     <ror:resourceOf>sitemap</ror:resourceOf>
</item>
<item>
     <link>http://www.case.edu/international/office-of-global-strategy/for-faculty-and-staff/site-visit-grants.html</link>
     <title>Site Visit Grants | International Affairs | CWRU</title>
     <description>Find out how to apply for and secure funding for a trip to a partner institution or a partner institution’s city with site visit grants.</description>
     <ror:updatePeriod>weekly</ror:updatePeriod>
     <ror:sortOrder>2</ror:sortOrder>
     <ror:resourceOf>sitemap</ror:resourceOf>
</item>
<item>
     <link>http://www.case.edu/international/international-student-services/visit-the-office.html</link>
     <title>Visit The Office | International Affairs | CWRU</title>
     <description>Want to meet with an advisior, schedule an appointment or come to our walk-in hours</description>
     <ror:updatePeriod>weekly</ror:updatePeriod>
     <ror:sortOrder>2</ror:sortOrder>
     <ror:resourceOf>sitemap</ror:resourceOf>
</item>
<item>
     <link>http://www.case.edu/international/student-global-perspectives/vincenzo-volpe.html</link>
     <title>Vincenzo Volpe | International Affairs | CWRU</title>
     <description>Meet Vincenzo Volpe and learn more about his study abroad experience in Copenhagen, Denmark.</description>
     <ror:updatePeriod>weekly</ror:updatePeriod>
     <ror:sortOrder>2</ror:sortOrder>
     <ror:resourceOf>sitemap</ror:resourceOf>
</item>
<item>
     <link>http://www.case.edu/international/international-student-services/student-life/housing.html</link>
     <title>Housing | Center for International Affairs | CWRU</title>
     <description>International students: Learn more about life as a student at Case Western Reserve University, including weather, transportation and living in Cleveland.</description>
     <ror:updatePeriod>weekly</ror:updatePeriod>
     <ror:sortOrder>2</ror:sortOrder>
     <ror:resourceOf>sitemap</ror:resourceOf>
</item>
<item>
     <link>http://www.case.edu/international/international-student-services/student-life/dining-and-entertainment.html</link>
     <title>Dining + Entertainment | International Affairs | CWRU</title>
     <description>Find out why Cleveland is known for its thriving cultural institutions, dining destinations, sports and entertainment.</description>
     <ror:updatePeriod>weekly</ror:updatePeriod>
     <ror:sortOrder>2</ror:sortOrder>
     <ror:resourceOf>sitemap</ror:resourceOf>
</item>
<item>
     <link>http://www.case.edu/international/international-student-services/student-life/academic-assistance.html</link>
     <title>Academic Assistance | International Affairs | CWRU</title>
     <description>Find the resources you need to succeed academically as an international student at Case Western Reserve University.</description>
     <ror:updatePeriod>weekly</ror:updatePeriod>
     <ror:sortOrder>2</ror:sortOrder>
     <ror:resourceOf>sitemap</ror:resourceOf>
</item>
<item>
     <link>http://www.case.edu/international/international-student-services/student-life/student-involvement-and-leadership.html</link>
     <title>Student Involvement | International Affairs | CWRU</title>
     <description>Get involved as an international student at Case Western Reserve University by joining any of our many sports, clubs and other organizations.</description>
     <ror:updatePeriod>weekly</ror:updatePeriod>
     <ror:sortOrder>2</ror:sortOrder>
     <ror:resourceOf>sitemap</ror:resourceOf>
</item>
<item>
     <link>http://www.case.edu/international/international-student-services/student-life/medical-resources.html</link>
     <title>Medical Resources | International Affairs | CWRU</title>
     <description>Find out how to take advantage of Cleveland's world-renown medical facilities as an international student at Case Western Reserve University.</description>
     <ror:updatePeriod>weekly</ror:updatePeriod>
     <ror:sortOrder>2</ror:sortOrder>
     <ror:resourceOf>sitemap</ror:resourceOf>
</item>
<item>
     <link>http://www.case.edu/international/international-student-services/student-life/safety-and-security.html</link>
     <title>Safety + Security | International Affairs | CWRU</title>
     <description>Learn how Case Western Reserve University keeps students safe on campus.</description>
     <ror:updatePeriod>weekly</ror:updatePeriod>
     <ror:sortOrder>2</ror:sortOrder>
     <ror:resourceOf>sitemap</ror:resourceOf>
</item>
<item>
     <link>http://www.case.edu/international/international-student-services/student-life/transportation.html</link>
     <title>Transportation | Center for International Affairs | CWRU</title>
     <description>Explore your many options for transportation to, from and around Case Western Reserve University and the Uptown Cleveland area.</description>
     <ror:updatePeriod>weekly</ror:updatePeriod>
     <ror:sortOrder>2</ror:sortOrder>
     <ror:resourceOf>sitemap</ror:resourceOf>
</item>
<item>
     <link>http://www.case.edu/international/international-student-services/student-life/banking-and-legal-services.html</link>
     <title>Banking + Legal Services | International Affairs | CWRU</title>
     <description>Explore your many options for banking and legal services in the Case Western Reserve University and the Uptown Cleveland area.</description>
     <ror:updatePeriod>weekly</ror:updatePeriod>
     <ror:sortOrder>2</ror:sortOrder>
     <ror:resourceOf>sitemap</ror:resourceOf>
</item>
<item>
     <link>http://www.case.edu/international/international-student-services/student-life/international-friendship-program.html</link>
     <title>International Friendship Program | CWRU</title>
     <description>Learn how to become part of the International Friendship Program at Case Western Reserve University and experience American culture together!</description>
     <ror:updatePeriod>weekly</ror:updatePeriod>
     <ror:sortOrder>2</ror:sortOrder>
     <ror:resourceOf>sitemap</ror:resourceOf>
</item>
<item>
     <link>http://www.case.edu/international/international-student-services/before-arrival/admissions-process.html</link>
     <title>Admissions Process | Center for International Affairs | CWRU</title>
     <description>Find the information you will need to apply to Case Western Reserve University as an international student.</description>
     <ror:updatePeriod>weekly</ror:updatePeriod>
     <ror:sortOrder>2</ror:sortOrder>
     <ror:resourceOf>sitemap</ror:resourceOf>
</item>
<item>
     <link>http://www.case.edu/international/international-student-services/before-arrival/fees.html</link>
     <title>Fees | Center for International Affairs | CWRU</title>
     <description>Find information about the required governmental fees associated with becoming an international student at Case Western Reserve University.</description>
     <ror:updatePeriod>weekly</ror:updatePeriod>
     <ror:sortOrder>2</ror:sortOrder>
     <ror:resourceOf>sitemap</ror:resourceOf>
</item>
<item>
     <link>http://www.case.edu/international/international-student-services/before-arrival/obtaining-a-visa.html</link>
     <title>Applying for Your Visa | International Affairs | CWRU</title>
     <description>Congratulations, you've been accepted to Case Western Reserve University—Find the information you will need to apply for your visa.</description>
     <ror:updatePeriod>weekly</ror:updatePeriod>
     <ror:sortOrder>2</ror:sortOrder>
     <ror:resourceOf>sitemap</ror:resourceOf>
</item>
<item>
     <link>http://www.case.edu/international/international-student-services/before-arrival/planning-for-your-us-arrival.html</link>
     <title>Planning Your Arrival | International Affairs | CWRU</title>
     <description>Plan for your arrival to the United States as an international student at Case Western Reserve University.</description>
     <ror:updatePeriod>weekly</ror:updatePeriod>
     <ror:sortOrder>2</ror:sortOrder>
     <ror:resourceOf>sitemap</ror:resourceOf>
</item>
<item>
     <link>http://www.case.edu/international/international-student-services/before-arrival/bringing-family.html</link>
     <title>Bringing Family | Center for International Affairs | CWRU</title>
     <description>Find important information regarding bringing your family with you as an international student at Case Western Reserve University.</description>
     <ror:updatePeriod>weekly</ror:updatePeriod>
     <ror:sortOrder>2</ror:sortOrder>
     <ror:resourceOf>sitemap</ror:resourceOf>
</item>
<item>
     <link>http://www.case.edu/international/international-student-services/visas/f-1-students.html</link>
     <title>F-1 Students | Center for International Affairs | CWRU</title>
     <description>Navigate challenges as an F-1 student at CWRU with this resource from the Center for International Affairs.</description>
     <ror:updatePeriod>weekly</ror:updatePeriod>
     <ror:sortOrder>2</ror:sortOrder>
     <ror:resourceOf>sitemap</ror:resourceOf>
</item>
<item>
     <link>http://www.case.edu/international/international-student-services/visas/j-1-students.html</link>
     <title>J-1 Students | Center for International Affairs | CWRU</title>
     <description>Find answers to questions and concerns you may have as a J-1 student at CWRU.</description>
     <ror:updatePeriod>weekly</ror:updatePeriod>
     <ror:sortOrder>2</ror:sortOrder>
     <ror:resourceOf>sitemap</ror:resourceOf>
</item>
<item>
     <link>http://www.case.edu/international/international-student-services/visas/employment-and-training/</link>
     <title>Employment + Training | Center for International Affairs | CWRU</title>
     <description>Learn how to become a candidate for employment in the U.S. as an international student at CWRU.</description>
     <ror:updatePeriod>weekly</ror:updatePeriod>
     <ror:sortOrder>2</ror:sortOrder>
     <ror:resourceOf>sitemap</ror:resourceOf>
</item>
<item>
     <link>http://www.case.edu/international/international-student-services/visas/dependents.html</link>
     <title>Dependents | International Affairs | CWRU</title>
     <description>Find important information regarding bringing your family with you as an international student at Case Western Reserve University.</description>
     <ror:updatePeriod>weekly</ror:updatePeriod>
     <ror:sortOrder>2</ror:sortOrder>
     <ror:resourceOf>sitemap</ror:resourceOf>
</item>
<item>
     <link>http://www.case.edu/international/international-student-services/visas/travel-re-entry-and-visa-renewal.html</link>
     <title>Travel, Re-entry + Visa Renewal | Center for International Affairs | CWRU</title>
     <description>Become familiar with the documents you will need as an international student at Case Western Reserve University.</description>
     <ror:updatePeriod>weekly</ror:updatePeriod>
     <ror:sortOrder>2</ror:sortOrder>
     <ror:resourceOf>sitemap</ror:resourceOf>
</item>
<item>
     <link>http://www.case.edu/international/documents/iss/CWRU-Campus%20Map-(1).pdf</link>
     <title></title>
     
     <ror:updatePeriod>weekly</ror:updatePeriod>
     <ror:sortOrder>2</ror:sortOrder>
     <ror:resourceOf>sitemap</ror:resourceOf>
</item>
<item>
     <link>http://www.case.edu/international/documents/iss/AR-11-Info.pdf</link>
     <title></title>
     
     <ror:updatePeriod>weekly</ror:updatePeriod>
     <ror:sortOrder>2</ror:sortOrder>
     <ror:resourceOf>sitemap</ror:resourceOf>
</item>
<item>
     <link>http://www.case.edu/international/documents/iss/International-Student-Data%20Sheet-(REV%202015).pdf</link>
     <title></title>
     
     <ror:updatePeriod>weekly</ror:updatePeriod>
     <ror:sortOrder>2</ror:sortOrder>
     <ror:resourceOf>sitemap</ror:resourceOf>
</item>
<item>
     <link>http://www.case.edu/international/documents/iss/I-94-Information-sheet-and%20sample(9-2013).pdf</link>
     <title></title>
     
     <ror:updatePeriod>weekly</ror:updatePeriod>
     <ror:sortOrder>2</ror:sortOrder>
     <ror:resourceOf>sitemap</ror:resourceOf>
</item>
<item>
     <link>http://www.case.edu/international/documents/iss/Transfer-In-Form.pdf</link>
     <title></title>
     
     <ror:updatePeriod>weekly</ror:updatePeriod>
     <ror:sortOrder>2</ror:sortOrder>
     <ror:resourceOf>sitemap</ror:resourceOf>
</item>
<item>
     <link>http://www.case.edu/international/documents/iss/APPLICATION-FOR-ON-CAMPUS-WORK-PERMISSION.pdf</link>
     <title></title>
     
     <ror:updatePeriod>weekly</ror:updatePeriod>
     <ror:sortOrder>2</ror:sortOrder>
     <ror:resourceOf>sitemap</ror:resourceOf>
</item>
<item>
     <link>http://www.case.edu/international/documents/iss/APPLICATION-FOR-REDUCED-COURSELOAD.pdf</link>
     <title></title>
     
     <ror:updatePeriod>weekly</ror:updatePeriod>
     <ror:sortOrder>2</ror:sortOrder>
     <ror:resourceOf>sitemap</ror:resourceOf>
</item>
<item>
     <link>http://www.case.edu/international/documents/iss/SSN-Info-(Rev%20January%202015)-(1).pdf</link>
     <title></title>
     
     <ror:updatePeriod>weekly</ror:updatePeriod>
     <ror:sortOrder>2</ror:sortOrder>
     <ror:resourceOf>sitemap</ror:resourceOf>
</item>
<item>
     <link>http://www.case.edu/international/documents/iss/Request-New-I-20-or-DS-2019.pdf</link>
     <title></title>
     
     <ror:updatePeriod>weekly</ror:updatePeriod>
     <ror:sortOrder>2</ror:sortOrder>
     <ror:resourceOf>sitemap</ror:resourceOf>
</item>
<item>
     <link>http://www.case.edu/international/documents/iss/Commencement-Invitation-Request-Form.pdf</link>
     <title></title>
     
     <ror:updatePeriod>weekly</ror:updatePeriod>
     <ror:sortOrder>2</ror:sortOrder>
     <ror:resourceOf>sitemap</ror:resourceOf>
</item>
<item>
     <link>http://www.case.edu/international/documents/iss/InvitationLetter.pdf</link>
     <title></title>
     
     <ror:updatePeriod>weekly</ror:updatePeriod>
     <ror:sortOrder>2</ror:sortOrder>
     <ror:resourceOf>sitemap</ror:resourceOf>
</item>
<item>
     <link>http://www.case.edu/international/documents/iss/Driver's-License-Information(1).pdf</link>
     <title></title>
     
     <ror:updatePeriod>weekly</ror:updatePeriod>
     <ror:sortOrder>2</ror:sortOrder>
     <ror:resourceOf>sitemap</ror:resourceOf>
</item>
<item>
     <link>http://www.case.edu/international/documents/iss/OPT-forms-2015(1).pdf</link>
     <title></title>
     
     <ror:updatePeriod>weekly</ror:updatePeriod>
     <ror:sortOrder>2</ror:sortOrder>
     <ror:resourceOf>sitemap</ror:resourceOf>
</item>
<item>
     <link>http://www.case.edu/international/documents/iss/CPT-Instructions-(1).pdf</link>
     <title></title>
     
     <ror:updatePeriod>weekly</ror:updatePeriod>
     <ror:sortOrder>2</ror:sortOrder>
     <ror:resourceOf>sitemap</ror:resourceOf>
</item>
<item>
     <link>http://www.case.edu/international/documents/iss/Canadian-Visa-Information%20(1).pdf</link>
     <title></title>
     
     <ror:updatePeriod>weekly</ror:updatePeriod>
     <ror:sortOrder>2</ror:sortOrder>
     <ror:resourceOf>sitemap</ror:resourceOf>
</item>
<item>
     <link>http://www.case.edu/international/documents/iss/Transfer-Out-Form.pdf</link>
     <title></title>
     
     <ror:updatePeriod>weekly</ror:updatePeriod>
     <ror:sortOrder>2</ror:sortOrder>
     <ror:resourceOf>sitemap</ror:resourceOf>
</item>
<item>
     <link>http://www.case.edu/international/office-of-education-abroad/financial-information/scholarships.html</link>
     <title>Scholarships | Office of Education Abroad | CWRU</title>
     <description>Find scholarship and fellowship opportunities for Case Western Reserve University students interested in studying abroad.</description>
     <ror:updatePeriod>weekly</ror:updatePeriod>
     <ror:sortOrder>2</ror:sortOrder>
     <ror:resourceOf>sitemap</ror:resourceOf>
</item>
<item>
     <link>http://www.case.edu/international/office-of-education-abroad/programs/london.html</link>
     <title>CWRU in London | Office of Education Abroad | CWRU</title>
     <description>CWRU in… Programs. CWRU in… programs that allow students to earn CWRU credit on a long term program while paying most fees directly to CWRU</description>
     <ror:updatePeriod>weekly</ror:updatePeriod>
     <ror:sortOrder>2</ror:sortOrder>
     <ror:resourceOf>sitemap</ror:resourceOf>
</item>
<item>
     <link>http://www.case.edu/international/office-of-education-abroad/programs/terms-and-program-types.html</link>
     <title>Study Abroad Programs | International Affairs | CWRU</title>
     <description>Browse the types of study abroad programs Case Western Reserve University has to offer.</description>
     <ror:updatePeriod>weekly</ror:updatePeriod>
     <ror:sortOrder>2</ror:sortOrder>
     <ror:resourceOf>sitemap</ror:resourceOf>
</item>
<item>
     <link>http://www.case.edu/international/office-of-education-abroad/programs/deadlines.html</link>
     <title>Deadlines | Office of Education Abroad | CWRU</title>
     <description>Thinking of studying abroad? Update your calendar with CWRU study abroad program deadlines.</description>
     <ror:updatePeriod>weekly</ror:updatePeriod>
     <ror:sortOrder>2</ror:sortOrder>
     <ror:resourceOf>sitemap</ror:resourceOf>
</item>
<item>
     <link>http://www.case.edu/international/office-of-education-abroad/programs/application-and-preparation-process.html</link>
     <title>Apply to Study Abroad | International Affairs | CWRU</title>
     <description>Want to study abroad? Check this quick guide to the study abroad application process at Case Western Reserve University.</description>
     <ror:updatePeriod>weekly</ror:updatePeriod>
     <ror:sortOrder>2</ror:sortOrder>
     <ror:resourceOf>sitemap</ror:resourceOf>
</item>
<item>
     <link>http://www.case.edu/international/office-of-education-abroad/transferring-study-abroad-credit/academic-policies.html</link>
     <title>Academic Policies | Office of Education Abroad | CWRU</title>
     <description>Solidify your understanding of the academic policies that apply to students studying abroad.</description>
     <ror:updatePeriod>weekly</ror:updatePeriod>
     <ror:sortOrder>2</ror:sortOrder>
     <ror:resourceOf>sitemap</ror:resourceOf>
</item>
<item>
     <link>http://www.case.edu/international/office-of-education-abroad/transferring-study-abroad-credit/academic-representatives.html</link>
     <title>Academic Representatives | Office of Education Abroad | CWRU</title>
     <description>Connect with your academic representative to ensure that you will receive credit for classes taken abroad.</description>
     <ror:updatePeriod>weekly</ror:updatePeriod>
     <ror:sortOrder>2</ror:sortOrder>
     <ror:resourceOf>sitemap</ror:resourceOf>
</item>
<item>
     <link>http://www.case.edu/international/documents/education-abroad/SAMPLE-CAF.pdf</link>
     <title></title>
     
     <ror:updatePeriod>weekly</ror:updatePeriod>
     <ror:sortOrder>2</ror:sortOrder>
     <ror:resourceOf>sitemap</ror:resourceOf>
</item>
<item>
     <link>http://www.case.edu/international/documents/education-abroad/Emergency%20Contact%20Card%20-%202015.pdf</link>
     <title></title>
     
     <ror:updatePeriod>weekly</ror:updatePeriod>
     <ror:sortOrder>2</ror:sortOrder>
     <ror:resourceOf>sitemap</ror:resourceOf>
</item>
<item>
     <link>http://www.case.edu/international/documents/education-abroad/ESS-One-Pager-Studying-Abroad.pdf</link>
     <title></title>
     
     <ror:updatePeriod>weekly</ror:updatePeriod>
     <ror:sortOrder>2</ror:sortOrder>
     <ror:resourceOf>sitemap</ror:resourceOf>
</item>
<item>
     <link>http://www.case.edu/international/office-of-education-abroad/parent-resources/process-and-timeline.html</link>
     <title>Process + Timeline | Office of Education Abroad | CWRU</title>
     <description>Help your student prepare for their study abroad experience with this timeline and process overview specifically for parents.</description>
     <ror:updatePeriod>weekly</ror:updatePeriod>
     <ror:sortOrder>2</ror:sortOrder>
     <ror:resourceOf>sitemap</ror:resourceOf>
</item>
<item>
     <link>http://www.case.edu/international/office-of-education-abroad/parent-resources/communication.html</link>
     <title>Communicating with Students Abroad | CWRU International</title>
     <description>Parents of Case Western Reserve University students = abroad can discover ways to communicate with their children while overseas.</description>
     <ror:updatePeriod>weekly</ror:updatePeriod>
     <ror:sortOrder>2</ror:sortOrder>
     <ror:resourceOf>sitemap</ror:resourceOf>
</item>
<item>
     <link>http://www.case.edu/international/office-of-education-abroad/parent-resources/health-and-safety-details.html</link>
     <title>Student Health + Safety | Office of Education Abroad | CWRU</title>
     <description>Better understand how CWRU addresses health and safety concerns as a parent with a student studying abroad.</description>
     <ror:updatePeriod>weekly</ror:updatePeriod>
     <ror:sortOrder>2</ror:sortOrder>
     <ror:resourceOf>sitemap</ror:resourceOf>
</item>
<item>
     <link>http://www.case.edu/international/office-of-education-abroad/faculty-resources/creating-courses.html</link>
     <title>Faculty Resources | Office of Education Abroad | CWRU</title>
     <description>Create a study abroad program using this step-by-step guide created for Case Western Reserve University faculty members.</description>
     <ror:updatePeriod>weekly</ror:updatePeriod>
     <ror:sortOrder>2</ror:sortOrder>
     <ror:resourceOf>sitemap</ror:resourceOf>
</item>
<item>
     <link>http://www.case.edu/international/office-of-education-abroad/faculty-resources/course-transfer-process.html</link>
     <title>Course Transfer | Office of Education Abroad | CWRU</title>
     <description>Become familiar with the course transfer process in order to become a better faculty resource for students.</description>
     <ror:updatePeriod>weekly</ror:updatePeriod>
     <ror:sortOrder>2</ror:sortOrder>
     <ror:resourceOf>sitemap</ror:resourceOf>
</item>
<item>
     <link>http://www.case.edu/international/office-of-education-abroad/faculty-resources/proposing-new-semester-programs.html</link>
     <title>Program Proposals | Office of Education Abroad | CWRU</title>
     <description>Discover how to propose new study abroad programs and become involved in global education as a faculty member.</description>
     <ror:updatePeriod>weekly</ror:updatePeriod>
     <ror:sortOrder>2</ror:sortOrder>
     <ror:resourceOf>sitemap</ror:resourceOf>
</item>
<item>
     <link>http://www.case.edu/international/office-of-education-abroad/faculty-resources/site-visit-grants.html</link>
     <title>Faculty Resources | Office of Education Abroad | Center for International Affairs</title>
     <description>Help fund your site visit with grants available to faculty and staff interested in traveling to a partner institution or city.</description>
     <ror:updatePeriod>weekly</ror:updatePeriod>
     <ror:sortOrder>2</ror:sortOrder>
     <ror:resourceOf>sitemap</ror:resourceOf>
</item>
<item>
     <link>http://www.case.edu/international/office-of-education-abroad/faculty-resources/online-system.html</link>
     <title>Online System | Office of Education Abroad | CWRU</title>
     <description>Learn to use the study abroad online system, TerraDotta, and discover how faculty can use it to manage study abroad risk-management information.</description>
     <ror:updatePeriod>weekly</ror:updatePeriod>
     <ror:sortOrder>2</ror:sortOrder>
     <ror:resourceOf>sitemap</ror:resourceOf>
</item>
<item>
     <link>http://www.case.edu/international/office-of-education-abroad/faculty-resources/forms.html</link>
     <title>Faculty Resources | Office of Education Abroad | Center for International Affairs</title>
     <description>Download forms and documents that are important for faculty members looking to lead a study abroad program.</description>
     <ror:updatePeriod>weekly</ror:updatePeriod>
     <ror:sortOrder>2</ror:sortOrder>
     <ror:resourceOf>sitemap</ror:resourceOf>
</item>
<item>
     <link>http://www.case.edu/international/documents/education-abroad/SOURCE%20Info%20Session%20PPT%20FINAL%202015.pptx</link>
     <title></title>
     
     <ror:updatePeriod>weekly</ror:updatePeriod>
     <ror:sortOrder>2</ror:sortOrder>
     <ror:resourceOf>sitemap</ror:resourceOf>
</item>
<item>
     <link>http://www.case.edu/international/documents/education-abroad/WIVA.pdf</link>
     <title></title>
     
     <ror:updatePeriod>weekly</ror:updatePeriod>
     <ror:sortOrder>2</ror:sortOrder>
     <ror:resourceOf>sitemap</ror:resourceOf>
</item>
<item>
     <link>http://www.case.edu/international/documents/education-abroad/returnee%20Conferences%20Table.pdf</link>
     <title></title>
     
     <ror:updatePeriod>weekly</ror:updatePeriod>
     <ror:sortOrder>2</ror:sortOrder>
     <ror:resourceOf>sitemap</ror:resourceOf>
</item>
<item>
     <link>http://www.case.edu/international/documents/education-abroad/Turning%20your%20frustrations%20into%20actions%20REVISED.pdf</link>
     <title></title>
     
     <ror:updatePeriod>weekly</ror:updatePeriod>
     <ror:sortOrder>2</ror:sortOrder>
     <ror:resourceOf>sitemap</ror:resourceOf>
</item>
<item>
     <link>http://www.case.edu/international/documents/education-abroad/How%20to%20Help-%20Advice%20from%20Students%20to%20Parents%20copy.pdf</link>
     <title></title>
     
     <ror:updatePeriod>weekly</ror:updatePeriod>
     <ror:sortOrder>2</ror:sortOrder>
     <ror:resourceOf>sitemap</ror:resourceOf>
</item>
<item>
     <link>http://www.case.edu/international/documents/education-abroad/Top%20Ten%20Challenges%20copy.pdf</link>
     <title></title>
     
     <ror:updatePeriod>weekly</ror:updatePeriod>
     <ror:sortOrder>2</ror:sortOrder>
     <ror:resourceOf>sitemap</ror:resourceOf>
</item>
<item>
     <link>http://www.case.edu/international/documents/education-abroad/Summer_programs.pdf</link>
     <title></title>
     
     <ror:updatePeriod>weekly</ror:updatePeriod>
     <ror:sortOrder>2</ror:sortOrder>
     <ror:resourceOf>sitemap</ror:resourceOf>
</item>
<item>
     <link>http://www.case.edu/international/documents/education-abroad/LAD%20Studying%20Abroad.pdf</link>
     <title></title>
     
     <ror:updatePeriod>weekly</ror:updatePeriod>
     <ror:sortOrder>2</ror:sortOrder>
     <ror:resourceOf>sitemap</ror:resourceOf>
</item>
<item>
     <link>http://www.case.edu/international/programming/cultural-celebrations-series/asian-mid-autumn-festival.html</link>
     <title>Asian Mid-Autumn Festival | Education Abroad | CWRU</title>
     <description>Immerse yourself in Asian culture during CWRU’s Asian Mid-Autumn Festival.</description>
     <ror:updatePeriod>weekly</ror:updatePeriod>
     <ror:sortOrder>2</ror:sortOrder>
     <ror:resourceOf>sitemap</ror:resourceOf>
</item>
<item>
     <link>http://www.case.edu/international/programming/signature-events/global-talk-series.html</link>
     <title>Global Talk Series | Education Abroad | CWRU Center for International Affairs</title>
     <description>Help make CWRU a culturally inclusive community by attending The Center for International Affairs’ Global Talk Series.</description>
     <ror:updatePeriod>weekly</ror:updatePeriod>
     <ror:sortOrder>2</ror:sortOrder>
     <ror:resourceOf>sitemap</ror:resourceOf>
</item>
<item>
     <link>http://www.case.edu/international/programming/cultural-celebrations-series/holi.html</link>
     <title>Holi | Office of Education Abroad | CWRU</title>
     <description>Enjoy Case Western Reserve University’s Holi celebration, a festival of colors primarily celebrated in India and Nepal.</description>
     <ror:updatePeriod>weekly</ror:updatePeriod>
     <ror:sortOrder>2</ror:sortOrder>
     <ror:resourceOf>sitemap</ror:resourceOf>
</item>
<item>
     <link>http://www.case.edu/international/programming/signature-events/international-achievement-dinner.html</link>
     <title>International Achievement Dinner | Education Abroad | CWRU Center for International Affairs</title>
     <description>Celebrate CWRU faculty, staff and student global achievements during the International Achievement Dinner.</description>
     <ror:updatePeriod>weekly</ror:updatePeriod>
     <ror:sortOrder>2</ror:sortOrder>
     <ror:resourceOf>sitemap</ror:resourceOf>
</item>
<item>
     <link>http://www.case.edu/international/programming/signature-events/international-education-week.html</link>
     <title>International Education Week | Education Abroad | CWRU</title>
     <description>Become a part of International Education Week, a national celebration of global education and exchange.</description>
     <ror:updatePeriod>weekly</ror:updatePeriod>
     <ror:sortOrder>2</ror:sortOrder>
     <ror:resourceOf>sitemap</ror:resourceOf>
</item>
<item>
     <link>http://www.case.edu/international/programming/signature-events/international-graduation.html</link>
     <title>International Graduation | Education Abroad | CWRU Center for International Affairs</title>
     <description>Celebrate international student achievements during CWRU’s International Graduation ceremony.</description>
     <ror:updatePeriod>weekly</ror:updatePeriod>
     <ror:sortOrder>2</ror:sortOrder>
     <ror:resourceOf>sitemap</ror:resourceOf>
</item>
<item>
     <link>http://www.case.edu/international/programming/signature-events/international-student-success-series.html</link>
     <title>International Student Success | Education Abroad | CWRU</title>
     <description>Acclimate to new cultures and experiences at CWRU with the International Student Success Series.</description>
     <ror:updatePeriod>weekly</ror:updatePeriod>
     <ror:sortOrder>2</ror:sortOrder>
     <ror:resourceOf>sitemap</ror:resourceOf>
</item>
<item>
     <link>http://www.case.edu/international/programming/cultural-celebrations-series/lunar-new-year.html</link>
     <title>Lunar New Year | Education Abroad | CWRU Center for International Affairs</title>
     <description>Discover an important Asian tradition, the Lunar New Year, and learn about accompanying festivities.</description>
     <ror:updatePeriod>weekly</ror:updatePeriod>
     <ror:sortOrder>2</ror:sortOrder>
     <ror:resourceOf>sitemap</ror:resourceOf>
</item>
<item>
     <link>http://www.case.edu/international/programming/signature-events/study-abroad-fair.html</link>
     <title>Study Abroad Fair | Education Abroad | CWRU</title>
     <description>Experience all study abroad has to offer during the CWRU study abroad fair.</description>
     <ror:updatePeriod>weekly</ror:updatePeriod>
     <ror:sortOrder>2</ror:sortOrder>
     <ror:resourceOf>sitemap</ror:resourceOf>
</item>
<item>
     <link>http://www.case.edu/international/international-student-services/visas/employment-and-training/filing-taxes.html</link>
     <title>Filing Taxes | Center for International Affairs | CWRU</title>
     <description>Find information regarding filing taxes as an international student at Case Western Reserve University.</description>
     <ror:updatePeriod>weekly</ror:updatePeriod>
     <ror:sortOrder>2</ror:sortOrder>
     <ror:resourceOf>sitemap</ror:resourceOf>
</item>
<item>
     <link>http://www.case.edu/international/documents/partners/Exchange-Partner-Guide-2016.pdf</link>
     <title></title>
     
     <ror:updatePeriod>weekly</ror:updatePeriod>
     <ror:sortOrder>2</ror:sortOrder>
     <ror:resourceOf>sitemap</ror:resourceOf>
</item>
<item>
     <link>http://www.case.edu/international/student-global-perspectives/shinichi-inoue.html</link>
     <title>Shinichi Inoue | International Affairs | CWRU</title>
     <description>rMeet Shinichi Inoue and learn more about his experience as an international student at Case Western Reserve University from Taiwan.</description>
     <ror:updatePeriod>weekly</ror:updatePeriod>
     <ror:sortOrder>2</ror:sortOrder>
     <ror:resourceOf>sitemap</ror:resourceOf>
</item>
<item>
     <link>http://www.case.edu/international/student-global-perspectives/margaret-kuhl.html</link>
     <title>Margaret Kuhl | International Affairs | CWRU</title>
     <description>Meet Margaret Kuhl and learn more about her study abroad experience in Cape Town, South Africa.</description>
     <ror:updatePeriod>weekly</ror:updatePeriod>
     <ror:sortOrder>2</ror:sortOrder>
     <ror:resourceOf>sitemap</ror:resourceOf>
</item>
<item>
     <link>http://www.case.edu/international/student-global-perspectives/ruiyao-wei.html</link>
     <title>Ruiyao Wei | International Affairs | CWRU</title>
     <description>Meet Ruiyao Wei and learn more about his experience as an international student at Case Western Reserve University from China.</description>
     <ror:updatePeriod>weekly</ror:updatePeriod>
     <ror:sortOrder>2</ror:sortOrder>
     <ror:resourceOf>sitemap</ror:resourceOf>
</item>
<item>
     <link>http://www.case.edu/international/student-global-perspectives/koby-picker.html</link>
     <title>Koby Picker | International Affairs | CWRU</title>
     <description>Meet CWRU student Koby Picker and learn more about his study abroad experience in Peking, China.</description>
     <ror:updatePeriod>weekly</ror:updatePeriod>
     <ror:sortOrder>2</ror:sortOrder>
     <ror:resourceOf>sitemap</ror:resourceOf>
</item>
<item>
     <link>http://www.case.edu/international/student-global-perspectives/marc-sturzl.html</link>
     <title>Marc Sturzl | International Affairs | CWRU</title>
     <description>Meet CWRU student Marc Sturzl and learn more about his study abroad experience in Turkey.</description>
     <ror:updatePeriod>weekly</ror:updatePeriod>
     <ror:sortOrder>2</ror:sortOrder>
     <ror:resourceOf>sitemap</ror:resourceOf>
</item>
<item>
     <link>http://www.case.edu/international/student-global-perspectives/yuheng-dai.html</link>
     <title>Yuheng (Tony) Dai | International Affairs | CWRU</title>
     <description>Meet Yuheng (Tony) Dai and learn more about his experience as an international student at Case Western Reserve University from China.</description>
     <ror:updatePeriod>weekly</ror:updatePeriod>
     <ror:sortOrder>2</ror:sortOrder>
     <ror:resourceOf>sitemap</ror:resourceOf>
</item>
<item>
     <link>http://www.case.edu/international/student-global-perspectives/adele-zawada.html</link>
     <title>Adele Zawada | International Affairs | CWRU</title>
     <description>Meet CWRU student Adele Zawada and learn more about her study abroad experience in Melbourne, Australia.</description>
     <ror:updatePeriod>weekly</ror:updatePeriod>
     <ror:sortOrder>2</ror:sortOrder>
     <ror:resourceOf>sitemap</ror:resourceOf>
</item>
<item>
     <link>http://www.case.edu/international/student-global-perspectives/sri-lakshmi-sravani-devarakonda.html</link>
     <title>Sri Lakshmi Sravani Devarakonda | International Affairs | CWRU</title>
     <description>Meet Sri Lakshmi Sravani Devarakonda and learn more about her experience as an international student at Case Western Reserve University from India.</description>
     <ror:updatePeriod>weekly</ror:updatePeriod>
     <ror:sortOrder>2</ror:sortOrder>
     <ror:resourceOf>sitemap</ror:resourceOf>
</item>
<item>
     <link>http://www.case.edu/international/student-global-perspectives/joshua-perry.html</link>
     <title>Joshua Perry | International Affairs | CWRU</title>
     <description>Meet CWRU student Joshua Perry and learn more about his study abroad experience in The Netherlands.</description>
     <ror:updatePeriod>weekly</ror:updatePeriod>
     <ror:sortOrder>2</ror:sortOrder>
     <ror:resourceOf>sitemap</ror:resourceOf>
</item>
<item>
     <link>http://www.case.edu/international/student-global-perspectives/nirmala-lekhak.html</link>
     <title>Nirmala Lekhak | International Affairs | CWRU</title>
     <description>Meet Sri Lakshmi Sravani Devarakonda and learn more about her experience as an international student at Case Western Reserve University from India.</description>
     <ror:updatePeriod>weekly</ror:updatePeriod>
     <ror:sortOrder>2</ror:sortOrder>
     <ror:resourceOf>sitemap</ror:resourceOf>
</item>
<item>
     <link>http://www.case.edu/international/student-global-perspectives/yvonne-cao.html</link>
     <title>Yvonne Cao | International Affairs | CWRU</title>
     <description>Meet CWRU student Yvonne Cao and learn more about her study abroad experience in Hong Kong.</description>
     <ror:updatePeriod>weekly</ror:updatePeriod>
     <ror:sortOrder>2</ror:sortOrder>
     <ror:resourceOf>sitemap</ror:resourceOf>
</item>
<item>
     <link>http://www.case.edu/international/student-global-perspectives/guanzhou-qu.html</link>
     <title>Page Name | International Affairs | CWRU</title>
     <description>Meet Guanzhou Qu (Eddie) and learn more about his experience as an international student at Case Western Reserve University.</description>
     <ror:updatePeriod>weekly</ror:updatePeriod>
     <ror:sortOrder>2</ror:sortOrder>
     <ror:resourceOf>sitemap</ror:resourceOf>
</item>
<item>
     <link>http://www.case.edu/international/student-global-perspectives/sam-cristani.html</link>
     <title>Sam Cristani | International Affairs | CWRU</title>
     <description>Meet CWRU student Sam Cristani and learn more about his study abroad experience in Africa.</description>
     <ror:updatePeriod>weekly</ror:updatePeriod>
     <ror:sortOrder>2</ror:sortOrder>
     <ror:resourceOf>sitemap</ror:resourceOf>
</item>
<item>
     <link>http://www.case.edu/international/student-global-perspectives/marzieh-ayati.html</link>
     <title>Marzieh Ayati | International Affairs | CWRU</title>
     <description>Meet Marzieh Ayati and learn more about her experience as an international student at Case Western Reserve University from Iran.</description>
     <ror:updatePeriod>weekly</ror:updatePeriod>
     <ror:sortOrder>2</ror:sortOrder>
     <ror:resourceOf>sitemap</ror:resourceOf>
</item>
<item>
     <link>http://www.case.edu/international/documents/global-strategy/CWRU_MOU_Template.docx</link>
     <title></title>
     
     <ror:updatePeriod>weekly</ror:updatePeriod>
     <ror:sortOrder>3</ror:sortOrder>
     <ror:resourceOf>sitemap</ror:resourceOf>
</item>
<item>
     <link>http://www.case.edu/international/documents/global-strategy/Student_Exchange_Agreement_Template.docx</link>
     <title></title>
     
     <ror:updatePeriod>weekly</ror:updatePeriod>
     <ror:sortOrder>3</ror:sortOrder>
     <ror:resourceOf>sitemap</ror:resourceOf>
</item>
<item>
     <link>http://www.case.edu/international/documents/global-strategy/3+2_proposed_template.docx</link>
     <title></title>
     
     <ror:updatePeriod>weekly</ror:updatePeriod>
     <ror:sortOrder>3</ror:sortOrder>
     <ror:resourceOf>sitemap</ror:resourceOf>
</item>
<item>
     <link>http://www.case.edu/international/documents/global-strategy/NEW-International-Agreement-Approval-Form.docx</link>
     <title></title>
     
     <ror:updatePeriod>weekly</ror:updatePeriod>
     <ror:sortOrder>3</ror:sortOrder>
     <ror:resourceOf>sitemap</ror:resourceOf>
</item>
<item>
     <link>http://www.case.edu/international/documents/global-strategy/Site-visit-report-form.pdf</link>
     <title></title>
     
     <ror:updatePeriod>weekly</ror:updatePeriod>
     <ror:sortOrder>3</ror:sortOrder>
     <ror:resourceOf>sitemap</ror:resourceOf>
</item>
<item>
     <link>http://www.case.edu/international/international-student-services/visas/employment-and-training/f-1-student-employment.html</link>
     <title>F-1 Student Employment | International Affairs | CWRU</title>
     <description>Find information about employment and training as an international student at Case Western Reserve University (CWRU) with a F-1 visa.</description>
     <ror:updatePeriod>weekly</ror:updatePeriod>
     <ror:sortOrder>3</ror:sortOrder>
     <ror:resourceOf>sitemap</ror:resourceOf>
</item>
<item>
     <link>http://www.case.edu/international/international-student-services/visas/employment-and-training/j-1-student-employment.html</link>
     <title>J-1 Student Employment | Center for International Affairs | CWRU</title>
     <description>Find information about employment and training as an international student at Case Western Reserve University (CWRU) with a J-1 visa.</description>
     <ror:updatePeriod>weekly</ror:updatePeriod>
     <ror:sortOrder>3</ror:sortOrder>
     <ror:resourceOf>sitemap</ror:resourceOf>
</item>
<item>
     <link>http://www.case.edu/international/documents/iss/interimpolicy.pdf</link>
     <title></title>
     
     <ror:updatePeriod>weekly</ror:updatePeriod>
     <ror:sortOrder>3</ror:sortOrder>
     <ror:resourceOf>sitemap</ror:resourceOf>
</item>
<item>
     <link>http://www.case.edu/international/documents/iss/F1-CPT-and-OPT-table-version.pdf</link>
     <title></title>
     
     <ror:updatePeriod>weekly</ror:updatePeriod>
     <ror:sortOrder>3</ror:sortOrder>
     <ror:resourceOf>sitemap</ror:resourceOf>
</item>
<item>
     <link>http://www.case.edu/international/documents/iss/J-2-Work-Permission.pdf</link>
     <title></title>
     
     <ror:updatePeriod>weekly</ror:updatePeriod>
     <ror:sortOrder>3</ror:sortOrder>
     <ror:resourceOf>sitemap</ror:resourceOf>
</item>
<item>
     <link>http://www.case.edu/international/documents/iss/goodstandingreq.pdf</link>
     <title></title>
     
     <ror:updatePeriod>weekly</ror:updatePeriod>
     <ror:sortOrder>3</ror:sortOrder>
     <ror:resourceOf>sitemap</ror:resourceOf>
</item>
<item>
     <link>http://www.case.edu/international/documents/education-abroad/IIE-Generation-Study-Abroad-IES-Abroad-Cape-Town.docx</link>
     <title></title>
     
     <ror:updatePeriod>weekly</ror:updatePeriod>
     <ror:sortOrder>3</ror:sortOrder>
     <ror:resourceOf>sitemap</ror:resourceOf>
</item>
<item>
     <link>http://www.case.edu/international/documents/education-abroad/Fill-In-Study-Abroad-Course-Approval-Form-SAMPLE-w-samples.pdf</link>
     <title></title>
     
     <ror:updatePeriod>weekly</ror:updatePeriod>
     <ror:sortOrder>3</ror:sortOrder>
     <ror:resourceOf>sitemap</ror:resourceOf>
</item>
<item>
     <link>http://www.case.edu/international/documents/education-abroad/Facutly%20Led%20Study%20Abroad%20Information%20Form.docx</link>
     <title></title>
     
     <ror:updatePeriod>weekly</ror:updatePeriod>
     <ror:sortOrder>3</ror:sortOrder>
     <ror:resourceOf>sitemap</ror:resourceOf>
</item>
<item>
     <link>http://www.case.edu/international/documents/education-abroad/marketingguidelines.pdf</link>
     <title></title>
     
     <ror:updatePeriod>weekly</ror:updatePeriod>
     <ror:sortOrder>3</ror:sortOrder>
     <ror:resourceOf>sitemap</ror:resourceOf>
</item>
<item>
     <link>http://www.case.edu/international/documents/education-abroad/Terra%20Dotta%20101.docx</link>
     <title></title>
     
     <ror:updatePeriod>weekly</ror:updatePeriod>
     <ror:sortOrder>3</ror:sortOrder>
     <ror:resourceOf>sitemap</ror:resourceOf>
</item>
<item>
     <link>http://www.case.edu/international/documents/education-abroad/International%20Agreement%20Approval%20Form.docx</link>
     <title></title>
     
     <ror:updatePeriod>weekly</ror:updatePeriod>
     <ror:sortOrder>3</ror:sortOrder>
     <ror:resourceOf>sitemap</ror:resourceOf>
</item>
<item>
     <link>http://www.case.edu/international/documents/education-abroad/CWRU%20MOU%20Template.docx</link>
     <title></title>
     
     <ror:updatePeriod>weekly</ror:updatePeriod>
     <ror:sortOrder>3</ror:sortOrder>
     <ror:resourceOf>sitemap</ror:resourceOf>
</item>
<item>
     <link>http://www.case.edu/international/documents/education-abroad/3%20+%202%20Agreement.docx</link>
     <title></title>
     
     <ror:updatePeriod>weekly</ror:updatePeriod>
     <ror:sortOrder>3</ror:sortOrder>
     <ror:resourceOf>sitemap</ror:resourceOf>
</item>
<item>
     <link>http://www.case.edu/international/documents/education-abroad/Student%20Exchange%20Agreement%20Template.docx</link>
     <title></title>
     
     <ror:updatePeriod>weekly</ror:updatePeriod>
     <ror:sortOrder>3</ror:sortOrder>
     <ror:resourceOf>sitemap</ror:resourceOf>
</item>
<item>
     <link>http://www.case.edu/international/documents/education-abroad/Site%20visit%20report%20form-1_distributed.pdf</link>
     <title></title>
     
     <ror:updatePeriod>weekly</ror:updatePeriod>
     <ror:sortOrder>3</ror:sortOrder>
     <ror:resourceOf>sitemap</ror:resourceOf>
</item>
<item>
     <link>http://www.case.edu/international/documents/programs/Global-Talk-2015-2016-Flyer.pdf</link>
     <title></title>
     
     <ror:updatePeriod>weekly</ror:updatePeriod>
     <ror:sortOrder>3</ror:sortOrder>
     <ror:resourceOf>sitemap</ror:resourceOf>
</item>
<item>
     <link>http://www.case.edu/international/documents/programs/CWRU-Global-Talk-Spring-Fall-2014-2015-Schedule.pdf</link>
     <title></title>
     
     <ror:updatePeriod>weekly</ror:updatePeriod>
     <ror:sortOrder>3</ror:sortOrder>
     <ror:resourceOf>sitemap</ror:resourceOf>
</item>
<item>
     <link>http://www.case.edu/international/documents/programs/Global-Talk-Fall2013-Spring14.pdf</link>
     <title></title>
     
     <ror:updatePeriod>weekly</ror:updatePeriod>
     <ror:sortOrder>3</ror:sortOrder>
     <ror:resourceOf>sitemap</ror:resourceOf>
</item>
<item>
     <link>http://www.case.edu/international/documents/programs/International-Student-Success-2015-2016.pdf</link>
     <title></title>
     
     <ror:updatePeriod>weekly</ror:updatePeriod>
     <ror:sortOrder>3</ror:sortOrder>
     <ror:resourceOf>sitemap</ror:resourceOf>
</item>
<item>
     <link>http://www.case.edu/international/documents/iss/J-1-Academic-Training-Forms.pdf</link>
     <title></title>
     
     <ror:updatePeriod>weekly</ror:updatePeriod>
     <ror:sortOrder>4</ror:sortOrder>
     <ror:resourceOf>sitemap</ror:resourceOf>
</item>
</channel>
</rss>
  